{
  "best_cv_auc": 0.5831731953683172,
  "val_auc_early_stop": 0.563911111111111
}