{
  "best_cv_auc": 0.5822586929143814,
  "val_auc_early_stop": 0.5860444444444444
}